{
    "classification": {
        "Decision Tree": {
            "test": 1.0,
            "train": 1.0
        },
        "KNN": {
            "test": 1.0,
            "train": 1.0
        },
        "Logistic Regression": {
            "test": 0.9444444444444444,
            "train": 1.0
        },
        "Random Forest": {
            "test": 1.0,
            "train": 1.0
        }
    },
    "unsupervised": {
        "Isolation Forest": 0.7037037037037037,
        "Local Outlier Factor": 0.8148148148148148,
        "One-Class SVM": 0.6851851851851852,
        "Robust covariance": 0.6296296296296297
    }
}