{
    "classification": {
        "Decision Tree": {
            "test": 1.0,
            "test confusion": {
                "False Negative": 0.0,
                "False Positive": 0.0,
                "True Negative": 0.5555555555555556,
                "True Positive": 0.4444444444444444
            },
            "total confusion": {
                "False Negative": 0.0,
                "False Positive": 0.0,
                "True Negative": 0.7222222222222222,
                "True Positive": 0.2777777777777778
            },
            "train": 1.0,
            "train confusion": {
                "False Negative": 0.0,
                "False Positive": 0.0,
                "True Negative": 0.8055555555555556,
                "True Positive": 0.19444444444444445
            }
        },
        "KNN": {
            "test": 1.0,
            "test confusion": {
                "False Negative": 0.0,
                "False Positive": 0.0,
                "True Negative": 0.5555555555555556,
                "True Positive": 0.4444444444444444
            },
            "total confusion": {
                "False Negative": 0.0,
                "False Positive": 0.0,
                "True Negative": 0.7222222222222222,
                "True Positive": 0.2777777777777778
            },
            "train": 1.0,
            "train confusion": {
                "False Negative": 0.0,
                "False Positive": 0.0,
                "True Negative": 0.8055555555555556,
                "True Positive": 0.19444444444444445
            }
        },
        "Logistic Regression": {
            "test": 0.9444444444444444,
            "test confusion": {
                "False Negative": 0.05555555555555555,
                "False Positive": 0.0,
                "True Negative": 0.5555555555555556,
                "True Positive": 0.3888888888888889
            },
            "total confusion": {
                "False Negative": 0.018518518518518517,
                "False Positive": 0.0,
                "True Negative": 0.7222222222222222,
                "True Positive": 0.25925925925925924
            },
            "train": 1.0,
            "train confusion": {
                "False Negative": 0.0,
                "False Positive": 0.0,
                "True Negative": 0.8055555555555556,
                "True Positive": 0.19444444444444445
            }
        },
        "Random Forest": {
            "test": 1.0,
            "test confusion": {
                "False Negative": 0.0,
                "False Positive": 0.0,
                "True Negative": 0.5555555555555556,
                "True Positive": 0.4444444444444444
            },
            "total confusion": {
                "False Negative": 0.0,
                "False Positive": 0.0,
                "True Negative": 0.7222222222222222,
                "True Positive": 0.2777777777777778
            },
            "train": 1.0,
            "train confusion": {
                "False Negative": 0.0,
                "False Positive": 0.0,
                "True Negative": 0.8055555555555556,
                "True Positive": 0.19444444444444445
            }
        }
    },
    "unsupervised": {
        "Isolation Forest": {
            "test": 0.7037037037037037,
            "total confusion": {
                "False Negative": 0.24074074074074073,
                "False Positive": 0.05555555555555555,
                "True Negative": 0.6666666666666666,
                "True Positive": 0.037037037037037035
            }
        },
        "Local Outlier Factor": {
            "test": 0.8148148148148148,
            "total confusion": {
                "False Negative": 0.18518518518518517,
                "False Positive": 0.0,
                "True Negative": 0.7222222222222222,
                "True Positive": 0.09259259259259259
            }
        },
        "One-Class SVM": {
            "test": 0.6851851851851852,
            "total confusion": {
                "False Negative": 0.2037037037037037,
                "False Positive": 0.1111111111111111,
                "True Negative": 0.6111111111111112,
                "True Positive": 0.07407407407407407
            }
        },
        "Robust covariance": {
            "test": 0.6296296296296297,
            "total confusion": {
                "False Negative": 0.2777777777777778,
                "False Positive": 0.09259259259259259,
                "True Negative": 0.6296296296296297,
                "True Positive": 0.0
            }
        }
    }
}