{
    "Decision Tree": {
        "test": 0.8333333333333334,
        "train": 1.0
    },
    "KNN": {
        "test": 0.6666666666666666,
        "train": 0.8055555555555556
    },
    "Logistic Regression": {
        "test": 0.7222222222222222,
        "train": 0.7222222222222222
    },
    "Random Forrest": {
        "test": 1.0,
        "train": 0.9444444444444444
    }
}