{
    "Decision Tree": {
        "test": 0.8333333333333334,
        "train": 1.0
    },
    "KNN": {
        "test": 1.0,
        "train": 0.9722222222222222
    },
    "Logistic Regression": {
        "test": 1.0,
        "train": 0.9722222222222222
    },
    "Random Forrest": {
        "test": 1.0,
        "train": 0.9722222222222222
    }
}